{"stats":{"minecraft:killed_by":{"minecraft:creeper":1,"minecraft:skeleton":1,"minecraft:zombie":1},"minecraft:custom":{"minecraft:mob_kills":74,"minecraft:interact_with_crafting_table":25,"minecraft:bell_ring":91,"minecraft:leave_game":4,"minecraft:time_since_death":29657,"minecraft:sprint_one_cm":611052,"minecraft:walk_one_cm":132003,"minecraft:damage_blocked_by_shield":3015,"minecraft:drop":71,"minecraft:talked_to_villager":3,"minecraft:play_time":170304,"minecraft:deaths":3,"minecraft:sneak_time":15531,"minecraft:walk_under_water_one_cm":11492,"minecraft:boat_one_cm":20805,"minecraft:jump":4321,"minecraft:interact_with_blast_furnace":4,"minecraft:walk_on_water_one_cm":29297,"minecraft:total_world_time":170304,"minecraft:interact_with_furnace":63,"minecraft:sleep_in_bed":5,"minecraft:time_since_rest":2041,"minecraft:damage_taken":4512,"minecraft:damage_dealt":12047,"minecraft:swim_one_cm":83454,"minecraft:fly_one_cm":1096980,"minecraft:open_chest":18,"minecraft:crouch_one_cm":27131,"minecraft:interact_with_smoker":16,"minecraft:fall_one_cm":130006},"minecraft:picked_up":{"minecraft:crafting_table":2,"minecraft:chicken":1,"minecraft:brown_mushroom":1,"minecraft:gold_block":1,"minecraft:shield":2,"minecraft:string":18,"minecraft:raw_copper":69,"minecraft:iron_axe":2,"minecraft:flint_and_steel":2,"minecraft:iron_leggings":2,"minecraft:diamond_leggings":1,"minecraft:cobbled_deepslate":29,"minecraft:bucket":1,"minecraft:spruce_planks":32,"minecraft:beef":53,"minecraft:oak_boat":2,"minecraft:poppy":2,"minecraft:light_gray_wool":1,"minecraft:sugar_cane":183,"minecraft:iron_boots":2,"minecraft:furnace":11,"minecraft:tipped_arrow":1,"minecraft:stick":7,"minecraft:raw_iron":14,"minecraft:oak_fence":6,"minecraft:torch":37,"minecraft:spruce_stairs":2,"minecraft:porkchop":48,"minecraft:carrot":6,"minecraft:redstone":38,"minecraft:rotten_flesh":44,"minecraft:stone_sword":1,"minecraft:arrow":7,"minecraft:diamond_chestplate":2,"minecraft:shears":2,"minecraft:gold_ingot":18,"minecraft:mutton":1,"minecraft:obsidian":12,"minecraft:cobblestone":270,"minecraft:snowball":80,"minecraft:white_wool":2,"minecraft:cooked_beef":73,"minecraft:andesite":46,"minecraft:leather":41,"minecraft:smoker":5,"minecraft:potato":31,"minecraft:tuff":4,"minecraft:oak_log":16,"minecraft:gunpowder":2,"minecraft:lapis_lazuli":68,"minecraft:dirt":44,"minecraft:paper":18,"minecraft:lantern":1,"minecraft:coast_armor_trim_smithing_template":2,"minecraft:bone":15,"minecraft:bow":3,"minecraft:wheat_seeds":8,"minecraft:bell":4,"minecraft:iron_ingot":22,"minecraft:stone_pickaxe":1,"minecraft:cobweb":55,"minecraft:iron_sword":2,"minecraft:oak_planks":17,"minecraft:smooth_basalt":1,"minecraft:cooked_porkchop":105,"minecraft:pumpkin":36,"minecraft:sweet_berries":16,"minecraft:lava_bucket":2,"minecraft:jungle_planks":1,"minecraft:spruce_sapling":2,"minecraft:blast_furnace":9,"minecraft:white_bed":10,"minecraft:spruce_log":34,"minecraft:spider_eye":4,"minecraft:diamond":31,"minecraft:stone_axe":2,"minecraft:iron_helmet":3,"minecraft:granite":13,"minecraft:coal":110,"minecraft:diamond_pickaxe":2},"minecraft:mined":{"minecraft:tuff":3,"minecraft:spruce_planks":2,"minecraft:white_bed":10,"minecraft:deepslate_diamond_ore":3,"minecraft:obsidian":4,"minecraft:granite":13,"minecraft:grass_block":1,"minecraft:jungle_planks":1,"minecraft:spruce_leaves":13,"minecraft:furnace":9,"minecraft:carrots":6,"minecraft:iron_ore":9,"minecraft:snow":20,"minecraft:andesite":46,"minecraft:pumpkin":12,"minecraft:gold_block":1,"minecraft:bell":2,"minecraft:potatoes":28,"minecraft:deepslate_iron_ore":1,"minecraft:lantern":1,"minecraft:packed_ice":6,"minecraft:stone":262,"minecraft:deepslate_redstone_ore":4,"minecraft:smoker":3,"minecraft:crafting_table":2,"minecraft:blast_furnace":5,"minecraft:poppy":1,"minecraft:cobblestone":3,"minecraft:copper_ore":5,"minecraft:lapis_ore":7,"minecraft:sugar_cane":22,"minecraft:oak_planks":3,"minecraft:spruce_stairs":2,"minecraft:sweet_berry_bush":5,"minecraft:wheat":5,"minecraft:ice":9,"minecraft:spruce_log":26,"minecraft:grass":17,"minecraft:coal_ore":32,"minecraft:oak_log":11,"minecraft:dirt":11,"minecraft:cobweb":28,"minecraft:smooth_basalt":1,"minecraft:deepslate":10},"minecraft:killed":{"minecraft:spider":6,"minecraft:skeleton":6,"minecraft:pig":12,"minecraft:iron_golem":1,"minecraft:creeper":1,"minecraft:zombie":18,"minecraft:stray":1,"minecraft:cow":25},"minecraft:crafted":{"minecraft:oak_planks":44,"minecraft:furnace":1,"minecraft:bone_meal":6,"minecraft:iron_boots":1,"minecraft:iron_axe":1,"minecraft:stone_pickaxe":1,"minecraft:chest":1,"minecraft:spruce_boat":1,"minecraft:smoker":1,"minecraft:cooked_beef":48,"minecraft:wooden_shovel":1,"minecraft:diamond_sword":1,"minecraft:cooked_porkchop":47,"minecraft:crafting_table":7,"minecraft:enchanting_table":1,"minecraft:spruce_planks":72,"minecraft:wooden_pickaxe":1,"minecraft:baked_potato":33,"minecraft:iron_sword":1,"minecraft:bucket":2,"minecraft:stone_axe":1,"minecraft:air":0,"minecraft:oak_boat":1,"minecraft:book":1,"minecraft:paper":3,"minecraft:diamond_pickaxe":1,"minecraft:shield":2,"minecraft:stick":32,"minecraft:iron_ingot":7,"minecraft:stone_sword":1,"minecraft:iron_leggings":1,"minecraft:gold_ingot":9,"minecraft:torch":48,"minecraft:shears":1,"minecraft:diamond_chestplate":1},"minecraft:used":{"minecraft:enchanting_table":1,"minecraft:stone_sword":35,"minecraft:flint_and_steel":5,"minecraft:poppy":1,"minecraft:chest":1,"minecraft:spruce_planks":14,"minecraft:shield":45,"minecraft:iron_sword":42,"minecraft:wooden_shovel":20,"minecraft:bell":1,"minecraft:torch":48,"minecraft:dirt":44,"minecraft:spruce_stairs":2,"minecraft:carrot":6,"minecraft:tuff":4,"minecraft:granite":13,"minecraft:snowball":65,"minecraft:spruce_boat":1,"minecraft:lava_bucket":4,"minecraft:lantern":1,"minecraft:iron_axe":88,"minecraft:iron_helmet":1,"minecraft:iron_boots":1,"minecraft:smooth_basalt":1,"minecraft:light_gray_wool":1,"minecraft:diamond_chestplate":1,"minecraft:bow":6,"minecraft:furnace":11,"minecraft:cooked_beef":5,"minecraft:potato":3,"minecraft:cobbled_deepslate":19,"minecraft:iron_leggings":2,"minecraft:wheat_seeds":1,"minecraft:water_bucket":19,"minecraft:leather_leggings":1,"minecraft:snow_block":1,"minecraft:oak_planks":18,"minecraft:stone_pickaxe":57,"minecraft:baked_potato":33,"minecraft:wooden_pickaxe":4,"minecraft:brown_mushroom":1,"minecraft:white_wool":1,"minecraft:crafting_table":9,"minecraft:blast_furnace":5,"minecraft:white_bed":10,"minecraft:shears":28,"minecraft:smoker":5,"minecraft:diamond_pickaxe":383,"minecraft:bread":13,"minecraft:spruce_sapling":1,"minecraft:stone_axe":53,"minecraft:diamond_sword":17,"minecraft:cobblestone":59,"minecraft:cooked_porkchop":19,"minecraft:bucket":25,"minecraft:andesite":7,"minecraft:oak_boat":1,"minecraft:bone_meal":6,"minecraft:diamond_leggings":1,"minecraft:cobweb":8},"minecraft:broken":{"minecraft:shield":1},"minecraft:dropped":{"minecraft:iron_ingot":1,"minecraft:porkchop":1,"minecraft:wheat_seeds":7,"minecraft:cooked_beef":48,"minecraft:cooked_porkchop":2,"minecraft:oak_fence":3,"minecraft:iron_helmet":2,"minecraft:cobblestone":4,"minecraft:jungle_planks":1,"minecraft:coal":22,"minecraft:stick":12,"minecraft:cobweb":1,"minecraft:torch":1,"minecraft:mutton":1,"minecraft:snowball":16,"minecraft:iron_leggings":1,"minecraft:paper":9,"minecraft:string":16,"minecraft:spruce_sapling":1,"minecraft:redstone":19,"minecraft:stone_axe":3,"minecraft:sweet_berries":16,"minecraft:stone_sword":2,"minecraft:raw_iron":2,"minecraft:chicken":1,"minecraft:rotten_flesh":41,"minecraft:oak_planks":1,"minecraft:shears":1,"minecraft:filled_map":1,"minecraft:poppy":1,"minecraft:potato":1,"minecraft:tipped_arrow":1,"minecraft:shield":1,"minecraft:gunpowder":2,"minecraft:spruce_planks":13,"minecraft:oak_boat":1,"minecraft:leather_leggings":1,"minecraft:spider_eye":3,"minecraft:spruce_log":12,"minecraft:bow":1,"minecraft:arrow":1,"minecraft:stone_pickaxe":2}},"DataVersion":3578}