{"stats":{"minecraft:crafted":{"minecraft:brick":1081,"minecraft:black_dye":8,"wingsoffreedom:secret_ingredient":27,"minecraft:smooth_stone":3,"minecraft:oak_planks":864,"minecraft:oak_pressure_plate":1,"minecraft:cooked_chicken":0,"minecraft:brick_wall":12,"wingsoffreedom:signal_flare_empty":4,"wingsoffreedom:scouts_emblem":6,"wingsoffreedom:vertical_brick_slab":36,"minecraft:stone":3,"minecraft:bookshelf":22,"minecraft:cooked_mutton":21,"minecraft:green_dye":18,"minecraft:glass":35,"minecraft:hopper":4,"wingsoffreedom:coke":33,"minecraft:iron_boots":1,"minecraft:chest":18,"wingsoffreedom:musket":2,"minecraft:bricks":239,"minecraft:black_wool":4,"minecraft:oak_fence":54,"minecraft:flower_pot":8,"wingsoffreedom:aptdmg_harness":1,"wingsoffreedom:tdmg_blade":2,"minecraft:oak_slab":108,"minecraft:wooden_shovel":2,"minecraft:cooked_porkchop":38,"minecraft:crafting_table":12,"wingsoffreedom:hat":1,"minecraft:spruce_planks":48,"minecraft:wooden_pickaxe":3,"wingsoffreedom:scouts_jacket":1,"minecraft:iron_helmet":2,"minecraft:brown_dye":12,"minecraft:red_wool":9,"minecraft:hay_block":35,"wingsoffreedom:gas_pipe":6,"wingsoffreedom:musket_ball":36,"minecraft:painting":3,"wingsoffreedom:blast_furnace_output":1,"wingsoffreedom:tdmg_harness":2,"minecraft:iron_chestplate":1,"minecraft:book":36,"minecraft:paper":117,"minecraft:diamond_pickaxe":1,"wingsoffreedom:signal_flare_black":1,"wingsoffreedom:thunderspear_tip_distance":3,"minecraft:stick":188,"wingsoffreedom:tdmg_workbench":1,"minecraft:iron_ingot":280,"minecraft:iron_pickaxe":2,"minecraft:iron_block":3,"minecraft:stone_sword":1,"minecraft:snow_block":61,"minecraft:gold_ingot":49,"minecraft:light_gray_dye":3,"wingsoffreedom:ascot":2,"minecraft:shears":2,"wingsoffreedom:signal_flare_green":5,"minecraft:wooden_sword":2,"minecraft:oak_door":6,"wingsoffreedom:scouts_cape":2,"minecraft:stone_shovel":2,"wingsoffreedom:army_leggings":2,"minecraft:iron_nugget":441,"minecraft:brick_stairs":20,"wingsoffreedom:ap_round":33,"wingsoffreedom:blast_furnace_input":3,"minecraft:furnace":10,"minecraft:blast_furnace":1,"minecraft:light_gray_wool":3,"minecraft:bone_meal":18,"minecraft:oak_trapdoor":10,"minecraft:glass_pane":48,"minecraft:lantern":4,"wingsoffreedom:reinforced_leather":16,"minecraft:iron_axe":2,"minecraft:lime_dye":6,"wingsoffreedom:flare_gun":1,"minecraft:stone_pickaxe":2,"wingsoffreedom:gas_tank":1,"minecraft:wheat":675,"minecraft:cooked_beef":11,"minecraft:sugar":3,"minecraft:red_dye":14,"minecraft:enchanting_table":1,"wingsoffreedom:part_workshop":1,"wingsoffreedom:blast_furnace_controller":1,"minecraft:iron_sword":3,"minecraft:bucket":1,"minecraft:stone_axe":6,"minecraft:red_carpet":30,"wingsoffreedom:black_cape":2,"minecraft:glowstone":14,"wingsoffreedom:iron_bamboo_piece":183,"minecraft:acacia_boat":1,"minecraft:bread":148,"minecraft:air":0,"minecraft:blue_dye":18,"minecraft:white_dye":7,"wingsoffreedom:ultrahard_steel_nugget":99,"minecraft:brown_wool":6,"minecraft:oak_stairs":64,"minecraft:wooden_axe":2,"wingsoffreedom:army_boots":2,"minecraft:blue_wool":18,"minecraft:iron_shovel":1,"minecraft:iron_leggings":3,"minecraft:anvil":1,"minecraft:green_wool":14,"minecraft:acacia_planks":128,"minecraft:torch":44,"minecraft:clay":1,"wingsoffreedom:iceburst_canister":1,"wingsoffreedom:vaporator":2},"minecraft:broken":{"minecraft:iron_shovel":1,"minecraft:iron_chestplate":1,"minecraft:stone_axe":6,"minecraft:iron_sword":1,"minecraft:stone_shovel":2,"wingsoffreedom:hat":1,"minecraft:iron_axe":1,"minecraft:iron_pickaxe":1,"wingsoffreedom:army_leggings":1,"minecraft:iron_helmet":1},"minecraft:mined":{"minecraft:attached_melon_stem":1,"minecraft:brewing_stand":1,"minecraft:obsidian":4,"minecraft:granite":2,"minecraft:acacia_log":27,"minecraft:grass_block":21,"wingsoffreedom:iron_bamboo":144,"minecraft:cracked_polished_blackstone_bricks":6,"minecraft:acacia_pressure_plate":1,"wingsoffreedom:blast_furnace_input":3,"minecraft:polished_blackstone_bricks":27,"minecraft:tall_seagrass":8,"minecraft:mossy_cobblestone_slab":1,"minecraft:iron_ore":180,"minecraft:fire":17,"minecraft:azure_bluet":3,"minecraft:oak_stairs":55,"minecraft:tripwire":1,"minecraft:orange_bed":3,"minecraft:red_bed":2,"minecraft:blackstone":3,"minecraft:melon_stem":7,"wingsoffreedom:gas_tank_main":1,"minecraft:orange_terracotta":32,"minecraft:clay":284,"wingsoffreedom:iceburst_vein":1,"minecraft:torch":65,"minecraft:melon":3,"minecraft:poppy":45,"minecraft:chest":13,"minecraft:dead_bush":2,"minecraft:cobblestone":25,"minecraft:oak_planks":25,"minecraft:sugar_cane":170,"minecraft:bricks":16,"minecraft:grindstone":5,"minecraft:wall_torch":21,"minecraft:seagrass":8,"minecraft:wheat":53,"wingsoffreedom:iceburst_stone":13,"minecraft:potted_poppy":9,"wingsoffreedom:tdmg_workbench_main":1,"minecraft:grass":132,"minecraft:oak_log":721,"minecraft:acacia_fence":15,"minecraft:sand":40,"minecraft:dirt":43,"minecraft:netherrack":44,"minecraft:yellow_terracotta":19,"minecraft:red_carpet":22,"minecraft:oak_door":2,"minecraft:spruce_leaves":7,"minecraft:acacia_slab":1,"minecraft:brown_banner":2,"minecraft:cartography_table":2,"minecraft:hay_block":68,"minecraft:redstone_ore":11,"minecraft:oak_trapdoor":3,"minecraft:furnace":12,"minecraft:snow":250,"minecraft:acacia_wood":23,"wingsoffreedom:vertical_brick_slab":5,"minecraft:acacia_stairs":12,"minecraft:andesite":12,"minecraft:bell":3,"minecraft:bookshelf":11,"minecraft:lantern":8,"minecraft:stripped_acacia_log":2,"minecraft:stripped_oak_log":12,"minecraft:bamboo":2,"minecraft:stone":338,"minecraft:white_wool":20,"minecraft:oak_slab":50,"wingsoffreedom:iron_bamboo_sapling":29,"minecraft:glass_pane":25,"wingsoffreedom:part_workshop_main":2,"minecraft:brick_wall":2,"minecraft:basalt":3,"minecraft:dandelion":1,"minecraft:oak_fence":18,"minecraft:crafting_table":14,"minecraft:cornflower":2,"minecraft:oak_wood":20,"minecraft:tall_grass":27,"minecraft:lapis_ore":4,"minecraft:diorite":1,"wingsoffreedom:tdmg_workbench_slave":1,"minecraft:cactus":20,"minecraft:red_terracotta":23,"minecraft:spruce_log":23,"minecraft:coal_ore":128,"minecraft:cocoa":6,"minecraft:flower_pot":2,"minecraft:acacia_door":3,"minecraft:gravel":7,"minecraft:acacia_planks":37,"minecraft:oak_button":3,"wingsoffreedom:blast_furnace_output":2,"minecraft:gold_ore":15},"minecraft:picked_up":{"minecraft:wooden_axe":1,"wingsoffreedom:blast_furnace_output":2,"minecraft:iron_chestplate":8,"minecraft:wheat":52,"minecraft:flower_pot":11,"minecraft:lead":5,"minecraft:oak_stairs":58,"minecraft:acacia_pressure_plate":2,"minecraft:enchanted_book":1,"minecraft:brewing_stand":1,"wingsoffreedom:tdmg_handle":6,"wingsoffreedom:aptdmg_harness":2,"minecraft:polished_blackstone_brick_stairs":1,"minecraft:string":23,"minecraft:iron_leggings":10,"wingsoffreedom:coke":5,"minecraft:gold_nugget":2,"minecraft:smooth_stone":3,"minecraft:bucket":2,"minecraft:red_dye":1,"minecraft:iron_pickaxe":5,"minecraft:wooden_shovel":2,"minecraft:melon_slice":17,"minecraft:iron_boots":7,"minecraft:furnace":17,"wingsoffreedom:enriched_iron_bamboo":33,"minecraft:stick":34,"minecraft:acacia_fence":16,"minecraft:oak_fence":18,"minecraft:torch":179,"minecraft:brick_wall":2,"minecraft:acacia_log":33,"minecraft:porkchop":19,"wingsoffreedom:aptdmg_handle":1,"wingsoffreedom:gas_cartridge":3,"minecraft:diorite":2,"wingsoffreedom:vertical_brick_slab":5,"minecraft:black_dye":2,"minecraft:orange_bed":4,"minecraft:stone_sword":1,"minecraft:cactus":35,"minecraft:rotten_flesh":167,"minecraft:obsidian":4,"minecraft:snowball":243,"minecraft:cobblestone":446,"minecraft:mossy_cobblestone_slab":1,"minecraft:feather":30,"minecraft:cooked_beef":46,"minecraft:water_bucket":7,"minecraft:andesite":14,"minecraft:potato":2,"minecraft:flint":2,"minecraft:acacia_boat":1,"minecraft:map":2,"minecraft:lapis_lazuli":57,"minecraft:dirt":444,"minecraft:lantern":10,"minecraft:glass":40,"wingsoffreedom:ultrahard_steel_ingot":27,"minecraft:bone":60,"minecraft:acacia_planks":59,"wingsoffreedom:iceburst_shards":176,"minecraft:bow":7,"minecraft:wheat_seeds":181,"minecraft:bell":3,"minecraft:grindstone":5,"minecraft:bamboo":42,"minecraft:glowstone_dust":177,"minecraft:oak_planks":153,"minecraft:cooked_porkchop":31,"wingsoffreedom:signal_flare_empty":1,"minecraft:sand":40,"minecraft:ink_sac":39,"minecraft:acacia_stairs":13,"minecraft:red_terracotta":30,"minecraft:iron_hoe":1,"minecraft:stripped_acacia_log":3,"wingsoffreedom:tdm_gear":4,"minecraft:sugar":2,"minecraft:diamond":15,"minecraft:cracked_polished_blackstone_bricks":6,"wingsoffreedom:tdmg_harness":3,"minecraft:granite":5,"minecraft:grass":11,"minecraft:golden_apple":4,"minecraft:emerald":11,"minecraft:golden_horse_armor":1,"minecraft:bread":137,"minecraft:netherrack":103,"minecraft:bricks":17,"minecraft:diamond_pickaxe":4,"minecraft:cocoa_beans":19,"minecraft:crafting_table":16,"minecraft:azure_bluet":3,"minecraft:chicken":20,"minecraft:clay_ball":1099,"minecraft:wooden_pickaxe":5,"wingsoffreedom:scouts_cape":5,"minecraft:shield":6,"minecraft:brick":113,"minecraft:flint_and_steel":5,"minecraft:cornflower":2,"minecraft:oak_trapdoor":4,"minecraft:red_bed":2,"minecraft:iron_axe":4,"minecraft:acacia_door":5,"minecraft:wooden_sword":4,"wingsoffreedom:turbine":1,"wingsoffreedom:gas_pipe":2,"minecraft:blackstone":3,"minecraft:cartography_table":2,"minecraft:beef":66,"wingsoffreedom:iron_plate":51,"minecraft:poppy":53,"minecraft:light_gray_wool":2,"minecraft:sugar_cane":444,"minecraft:chest":17,"wingsoffreedom:aptdm_gear":2,"minecraft:oak_door":2,"minecraft:polished_blackstone_bricks":46,"wingsoffreedom:ascot":6,"minecraft:redstone":50,"wingsoffreedom:gas_tank":1,"wingsoffreedom:black_cape":1,"minecraft:arrow":53,"minecraft:shears":3,"minecraft:hay_block":119,"minecraft:yellow_terracotta":19,"minecraft:saddle":1,"minecraft:totem_of_undying":2,"wingsoffreedom:iron_bamboo":178,"minecraft:white_wool":156,"minecraft:stripped_oak_log":16,"minecraft:basalt":3,"minecraft:leather":71,"minecraft:acacia_wood":23,"minecraft:oak_log":1099,"minecraft:gunpowder":51,"minecraft:paper":6,"wingsoffreedom:musket":1,"minecraft:white_banner":1,"minecraft:orange_terracotta":32,"minecraft:cooked_mutton":10,"minecraft:red_carpet":31,"wingsoffreedom:iron_bamboo_piece":2,"minecraft:rabbit_hide":4,"minecraft:iron_ingot":132,"minecraft:stone_pickaxe":4,"minecraft:iron_ore":215,"minecraft:tall_grass":2,"minecraft:glass_bottle":3,"minecraft:iron_sword":8,"minecraft:acacia_sapling":2,"minecraft:green_dye":3,"minecraft:book":33,"minecraft:oak_slab":51,"wingsoffreedom:tdmg_workbench":3,"minecraft:red_wool":13,"minecraft:dandelion":1,"minecraft:gravel":5,"wingsoffreedom:part_workshop":4,"minecraft:spruce_sapling":3,"wingsoffreedom:iron_rod":1,"minecraft:blast_furnace":1,"minecraft:spruce_log":21,"minecraft:gold_ore":15,"minecraft:spider_eye":8,"wingsoffreedom:flare_gun":2,"minecraft:oak_wood":31,"minecraft:lime_dye":1,"wingsoffreedom:iceburst_canister":3,"minecraft:stone_axe":2,"minecraft:iron_helmet":9,"minecraft:painting":6,"wingsoffreedom:blast_furnace_input":3,"minecraft:oak_button":22,"wingsoffreedom:iron_bamboo_plate":8,"minecraft:acacia_slab":2,"minecraft:brown_banner":7,"minecraft:melon_seeds":30,"minecraft:black_wool":16,"wingsoffreedom:trigger":1,"minecraft:coal":319},"minecraft:killed_by":{"minecraft:creeper":2,"minecraft:pillager":1,"minecraft:ravager":1,"minecraft:vindicator":8,"minecraft:zombie":2,"minecraft:vex":3,"minecraft:player":3,"minecraft:spider":1,"minecraft:skeleton":4},"minecraft:custom":{"minecraft:interact_with_crafting_table":210,"minecraft:bell_ring":301,"minecraft:leave_game":74,"minecraft:time_since_death":2383,"minecraft:sprint_one_cm":2176365,"minecraft:damage_blocked_by_shield":1765,"minecraft:drop":282,"minecraft:talked_to_villager":10,"minecraft:deaths":34,"minecraft:jump":11142,"minecraft:walk_on_water_one_cm":164392,"minecraft:enchant_item":2,"minecraft:interact_with_furnace":301,"minecraft:traded_with_villager":27,"minecraft:play_one_minute":857563,"minecraft:sleep_in_bed":34,"minecraft:damage_dealt":35973,"minecraft:player_kills":7,"minecraft:crouch_one_cm":115897,"minecraft:mob_kills":215,"minecraft:climb_one_cm":266,"minecraft:walk_one_cm":988805,"minecraft:sneak_time":58240,"minecraft:walk_under_water_one_cm":66282,"minecraft:boat_one_cm":76485,"minecraft:interact_with_blast_furnace":1,"minecraft:pot_flower":15,"minecraft:time_since_rest":2418,"minecraft:damage_taken":22498,"minecraft:swim_one_cm":296911,"minecraft:fly_one_cm":2898784,"minecraft:open_chest":632,"minecraft:fall_one_cm":333194},"minecraft:killed":{"minecraft:witch":3,"minecraft:spider":13,"minecraft:skeleton":29,"minecraft:chicken":4,"minecraft:pig":8,"minecraft:zombie_villager":1,"minecraft:creeper":7,"minecraft:trader_llama":2,"minecraft:pillager":13,"minecraft:zombie":58,"minecraft:cow":35,"minecraft:evoker":2,"minecraft:vindicator":7,"minecraft:horse":5,"minecraft:drowned":5,"minecraft:husk":2,"minecraft:bat":1,"minecraft:wandering_trader":2,"minecraft:ravager":3,"minecraft:squid":6},"minecraft:used":{"minecraft:iron_shovel":257,"wingsoffreedom:gas_pipe":5,"minecraft:chest":24,"minecraft:shield":43,"minecraft:iron_sword":546,"minecraft:bell":3,"minecraft:rotten_flesh":3,"minecraft:cocoa_beans":6,"minecraft:glass":1,"minecraft:lava_bucket":7,"minecraft:bricks":134,"minecraft:lantern":14,"minecraft:mossy_cobblestone_slab":1,"minecraft:red_carpet":61,"minecraft:furnace":17,"minecraft:diorite":1,"minecraft:brick_wall":10,"wingsoffreedom:blast_furnace_output":3,"minecraft:stone_pickaxe":25,"minecraft:oak_planks":100,"minecraft:wooden_pickaxe":18,"minecraft:clay":1,"minecraft:white_wool":1,"minecraft:sand":1,"minecraft:blast_furnace":1,"minecraft:shears":23,"wingsoffreedom:vertical_brick_slab":41,"minecraft:string":3,"minecraft:bread":130,"minecraft:oak_pressure_plate":1,"minecraft:gravel":5,"minecraft:wooden_sword":17,"minecraft:grindstone":4,"minecraft:andesite":10,"minecraft:bone_meal":11,"minecraft:oak_fence":70,"minecraft:oak_trapdoor":9,"minecraft:enchanting_table":1,"minecraft:flint_and_steel":2,"minecraft:stone_shovel":263,"minecraft:wooden_shovel":37,"minecraft:cooked_chicken":1,"minecraft:netherrack":47,"minecraft:oak_door":4,"minecraft:orange_bed":2,"minecraft:torch":113,"minecraft:brewing_stand":1,"minecraft:dirt":109,"wingsoffreedom:iron_bamboo":44,"minecraft:oak_wood":8,"wingsoffreedom:blast_furnace_controller":1,"minecraft:granite":3,"wingsoffreedom:vaporator":2,"minecraft:wooden_axe":53,"minecraft:bookshelf":22,"minecraft:iron_axe":523,"minecraft:oak_stairs":115,"minecraft:brick_stairs":12,"wingsoffreedom:blast_furnace_input":6,"minecraft:beef":1,"minecraft:acacia_wood":2,"minecraft:cooked_beef":63,"minecraft:acacia_planks":19,"minecraft:orange_terracotta":1,"minecraft:acacia_boat":2,"minecraft:water_bucket":35,"minecraft:polished_blackstone_bricks":13,"minecraft:oak_slab":124,"minecraft:crafting_table":22,"minecraft:red_bed":2,"minecraft:brown_banner":2,"minecraft:painting":9,"minecraft:spruce_log":1,"minecraft:oak_log":330,"wingsoffreedom:part_workshop":3,"minecraft:flower_pot":17,"minecraft:diamond_pickaxe":695,"minecraft:cornflower":1,"minecraft:apple":3,"minecraft:cracked_polished_blackstone_bricks":2,"minecraft:iron_pickaxe":384,"wingsoffreedom:tdmg_workbench":3,"minecraft:stone_axe":764,"wingsoffreedom:gas_tank":2,"minecraft:cobblestone":184,"minecraft:acacia_pressure_plate":1,"wingsoffreedom:tdmg_handle":44,"minecraft:porkchop":2,"minecraft:cooked_porkchop":44,"minecraft:bucket":43,"minecraft:glass_pane":38,"minecraft:dandelion":1,"minecraft:stripped_oak_log":4},"minecraft:dropped":{"minecraft:cooked_beef":1,"minecraft:oak_log":7,"minecraft:diamond":5,"minecraft:cooked_porkchop":1,"wingsoffreedom:iron_plate":3,"minecraft:leather":4,"wingsoffreedom:aptdm_gear":2,"wingsoffreedom:black_cape":2,"wingsoffreedom:scouts_cape":1,"minecraft:leather_helmet":1,"wingsoffreedom:tdmg_harness":1,"minecraft:cracked_polished_blackstone_bricks":2,"minecraft:dirt":3,"minecraft:grass":7,"minecraft:polished_blackstone_brick_stairs":1,"minecraft:wooden_sword":2,"minecraft:polished_blackstone_bricks":22,"wingsoffreedom:flare_gun":2,"minecraft:iron_pickaxe":1,"minecraft:white_wool":7,"minecraft:bone":23,"minecraft:sugar_cane":48,"minecraft:blue_wool":1,"minecraft:rotten_flesh":125,"minecraft:oak_planks":6,"minecraft:lime_dye":1,"wingsoffreedom:gas_cartridge":2,"wingsoffreedom:enriched_iron_bamboo":1,"wingsoffreedom:aptdmg_harness":2,"minecraft:rabbit_hide":1,"minecraft:gunpowder":26,"minecraft:melon_seeds":18,"minecraft:chest":1,"wingsoffreedom:army_boots":1,"minecraft:white_dye":1,"minecraft:basalt":3,"minecraft:arrow":14,"minecraft:glass":12,"wingsoffreedom:scouts_jacket":1,"wingsoffreedom:musket":1,"minecraft:acacia_pressure_plate":1,"minecraft:netherrack":1,"minecraft:stone_hoe":1,"minecraft:water_bucket":1,"minecraft:enchanted_book":1,"minecraft:iron_ingot":45,"minecraft:bread":7,"wingsoffreedom:tdmg_blade":1,"minecraft:black_dye":2,"minecraft:wheat_seeds":22,"minecraft:golden_horse_armor":1,"minecraft:cobblestone":28,"minecraft:feather":17,"minecraft:iron_helmet":1,"minecraft:granite":2,"wingsoffreedom:iceburst_shards":37,"wingsoffreedom:ap_round":1,"minecraft:golden_apple":1,"minecraft:stick":21,"wingsoffreedom:tdm_gear":1,"minecraft:diorite":1,"minecraft:ink_sac":12,"minecraft:green_dye":3,"minecraft:wooden_axe":1,"minecraft:iron_leggings":2,"minecraft:oak_stairs":1,"minecraft:red_dye":2,"wingsoffreedom:army_leggings":1,"minecraft:string":8,"minecraft:acacia_planks":1,"wingsoffreedom:signal_flare_empty":1,"minecraft:furnace":5,"wingsoffreedom:ascot":3,"wingsoffreedom:iron_bamboo":1,"minecraft:stone_sword":1,"minecraft:cocoa_beans":1,"minecraft:chicken":6,"wingsoffreedom:signal_flare_green":2,"minecraft:iron_hoe":1,"minecraft:light_gray_wool":1,"minecraft:clay_ball":3,"minecraft:iron_boots":1,"minecraft:stripped_oak_log":2,"wingsoffreedom:trigger":1,"minecraft:shears":1,"minecraft:flint_and_steel":1,"wingsoffreedom:iron_rod":1,"wingsoffreedom:tdmg_handle":2,"minecraft:shield":1,"minecraft:oak_button":24,"minecraft:iron_chestplate":1,"minecraft:andesite":5,"minecraft:wooden_shovel":2,"minecraft:spider_eye":6,"minecraft:bamboo":21,"minecraft:bow":1,"wingsoffreedom:musket_ball":17,"minecraft:stone_pickaxe":2,"minecraft:wooden_pickaxe":5,"minecraft:brick":105}},"DataVersion":2586}