{"stats":{"minecraft:picked_up":{"minecraft:feather":23,"minecraft:chicken":27,"minecraft:oak_log":8,"minecraft:gunpowder":10,"minecraft:lapis_lazuli":98,"minecraft:oak_trapdoor":4,"minecraft:string":5,"minecraft:oak_sign":1,"minecraft:wheat_seeds":2,"minecraft:cobbled_deepslate":5,"minecraft:raw_gold":20,"minecraft:sugar_cane":12,"minecraft:oak_planks":2,"minecraft:raw_iron":49,"minecraft:oak_door":5,"minecraft:oak_pressure_plate":2,"minecraft:porkchop":24,"minecraft:spider_eye":6,"minecraft:arrow":6,"minecraft:rotten_flesh":9,"minecraft:diamond":3,"minecraft:hay_block":12,"minecraft:mutton":3,"minecraft:coal":19,"minecraft:white_wool":3},"minecraft:killed":{"minecraft:cave_spider":1,"minecraft:pig":12,"minecraft:spider":12,"minecraft:creeper":9,"minecraft:sheep":4,"minecraft:skeleton":10,"minecraft:zombie":12,"minecraft:chicken":27,"minecraft:enderman":1},"minecraft:dropped":{"minecraft:wheat_seeds":2,"minecraft:oak_log":6,"minecraft:tuff":2,"minecraft:rotten_flesh":11,"minecraft:oak_sapling":9,"minecraft:string":7},"minecraft:used":{"minecraft:oak_trapdoor":6,"minecraft:water_bucket":24,"minecraft:diamond_hoe":13,"minecraft:oak_planks":47,"minecraft:oak_sign":4,"minecraft:shield":8,"minecraft:diamond_axe":57,"minecraft:oak_door":9,"minecraft:torch":4,"minecraft:diamond_pickaxe":288,"minecraft:oak_pressure_plate":3,"minecraft:diamond_sword":157,"minecraft:bucket":24,"minecraft:cooked_beef":12,"minecraft:cobbled_deepslate":37},"minecraft:custom":{"minecraft:interact_with_furnace":3,"minecraft:mob_kills":88,"minecraft:interact_with_crafting_table":3,"minecraft:time_since_death":71984,"minecraft:sleep_in_bed":1,"minecraft:time_since_rest":35745,"minecraft:sprint_one_cm":156033,"minecraft:damage_taken":677,"minecraft:walk_one_cm":33332,"minecraft:damage_blocked_by_shield":450,"minecraft:drop":6,"minecraft:damage_dealt":11275,"minecraft:swim_one_cm":25862,"minecraft:fly_one_cm":285402,"minecraft:open_chest":8,"minecraft:crouch_one_cm":3121,"minecraft:play_time":71984,"minecraft:sneak_time":1640,"minecraft:walk_under_water_one_cm":7337,"minecraft:jump":1297,"minecraft:interact_with_blast_furnace":6,"minecraft:walk_on_water_one_cm":3234,"minecraft:interact_with_smoker":2,"minecraft:total_world_time":71984,"minecraft:fall_one_cm":36703},"minecraft:mined":{"minecraft:deepslate_diamond_ore":3,"minecraft:oak_door":5,"minecraft:torch":1,"minecraft:oak_pressure_plate":2,"minecraft:tall_grass":7,"minecraft:lapis_ore":3,"minecraft:deepslate_gold_ore":11,"minecraft:sugar_cane":7,"minecraft:oak_planks":3,"minecraft:oak_wall_sign":1,"minecraft:diorite":48,"minecraft:hay_block":12,"minecraft:redstone_ore":8,"minecraft:oak_trapdoor":4,"minecraft:iron_ore":31,"minecraft:fire":3,"minecraft:andesite":1,"minecraft:deepslate_lapis_ore":12,"minecraft:grass":30,"minecraft:coal_ore":19,"minecraft:oak_log":2,"minecraft:deepslate_iron_ore":18,"minecraft:dirt":10,"minecraft:cobweb":1,"minecraft:stone":106,"minecraft:gold_ore":9,"minecraft:deepslate":16},"minecraft:crafted":{"minecraft:oak_door":6,"minecraft:oak_planks":96,"minecraft:oak_sign":3,"minecraft:oak_pressure_plate":1,"minecraft:copper_ingot":8,"minecraft:air":0,"minecraft:oak_trapdoor":2,"minecraft:stick":4}},"DataVersion":3578}