{"stats":{"minecraft:crafted":{"minecraft:oak_planks":160,"minecraft:oak_sign":3,"minecraft:cooked_chicken":15,"minecraft:cooked_mutton":119,"minecraft:iron_boots":3,"minecraft:bow":1,"wingsoffreedom:coke":1,"minecraft:chest":3,"minecraft:oak_button":90,"minecraft:stone_hoe":1,"minecraft:smoker":1,"minecraft:cooked_porkchop":31,"minecraft:crafting_table":9,"minecraft:spruce_planks":4,"minecraft:iron_helmet":4,"minecraft:wooden_pickaxe":1,"minecraft:baked_potato":1,"minecraft:oak_wood":3,"minecraft:iron_chestplate":3,"minecraft:diamond_pickaxe":1,"minecraft:shield":6,"minecraft:stick":44,"minecraft:iron_ingot":127,"minecraft:iron_pickaxe":4,"minecraft:stone_sword":1,"wingsoffreedom:signal_flare_green":3,"minecraft:stone_shovel":1,"minecraft:furnace":4,"minecraft:bone_meal":15,"minecraft:iron_axe":4,"minecraft:iron_hoe":1,"minecraft:lime_dye":2,"minecraft:stone_pickaxe":1,"minecraft:wheat":125,"minecraft:cooked_beef":8,"minecraft:iron_sword":6,"minecraft:cooked_salmon":14,"minecraft:bucket":1,"minecraft:stone_axe":1,"minecraft:acacia_boat":1,"minecraft:bread":55,"minecraft:air":0,"minecraft:white_dye":6,"minecraft:iron_leggings":3,"minecraft:acacia_planks":192,"minecraft:torch":20},"minecraft:broken":{"minecraft:iron_sword":2,"minecraft:flint_and_steel":1,"minecraft:shield":2,"minecraft:iron_axe":1,"minecraft:iron_pickaxe":3,"wingsoffreedom:army_leggings":1,"minecraft:iron_helmet":2},"minecraft:mined":{"minecraft:attached_melon_stem":1,"minecraft:granite":7,"minecraft:acacia_log":57,"minecraft:grass_block":96,"wingsoffreedom:iron_bamboo":45,"minecraft:cracked_polished_blackstone_bricks":14,"minecraft:acacia_pressure_plate":2,"minecraft:spawner":2,"minecraft:polished_blackstone_bricks":25,"minecraft:tall_seagrass":1,"minecraft:glowstone":33,"minecraft:iron_ore":293,"minecraft:fire":9,"minecraft:enchanting_table":2,"minecraft:oak_stairs":3,"minecraft:tripwire":4,"minecraft:orange_bed":3,"minecraft:red_bed":2,"minecraft:blackstone":2,"minecraft:melon_stem":22,"minecraft:smoker":3,"minecraft:orange_terracotta":77,"wingsoffreedom:iceburst_vein":1,"minecraft:torch":21,"minecraft:blast_furnace":2,"minecraft:melon":3,"minecraft:chest":3,"minecraft:dead_bush":5,"minecraft:cobblestone":38,"minecraft:sugar_cane":84,"minecraft:bricks":1,"minecraft:wall_torch":3,"minecraft:seagrass":1,"minecraft:wheat":108,"wingsoffreedom:iceburst_stone":63,"minecraft:stripped_oak_wood":1,"minecraft:grass":207,"minecraft:oak_log":1,"minecraft:acacia_fence":48,"minecraft:sand":1,"minecraft:dirt":73,"minecraft:netherrack":139,"minecraft:oak_leaves":2,"minecraft:yellow_terracotta":34,"minecraft:diamond_ore":8,"minecraft:mossy_cobblestone":1,"minecraft:spruce_leaves":4,"minecraft:acacia_slab":16,"minecraft:sandstone":1,"minecraft:large_fern":1,"minecraft:hay_block":21,"minecraft:redstone_ore":2,"minecraft:acacia_wood":37,"minecraft:acacia_stairs":134,"minecraft:andesite":22,"minecraft:bell":1,"minecraft:stripped_acacia_log":1,"minecraft:stripped_oak_log":1,"minecraft:stone":218,"minecraft:oak_slab":4,"minecraft:acacia_leaves":12,"wingsoffreedom:iron_bamboo_sapling":34,"minecraft:glass_pane":13,"minecraft:basalt":5,"minecraft:crafting_table":10,"minecraft:oak_wood":5,"minecraft:tall_grass":27,"minecraft:lapis_ore":7,"minecraft:polished_blackstone_brick_stairs":1,"minecraft:red_terracotta":8,"minecraft:acacia_fence_gate":1,"minecraft:coal_ore":136,"minecraft:cocoa":5,"minecraft:gravel":1,"minecraft:acacia_door":5,"minecraft:cobweb":11,"minecraft:acacia_planks":142,"minecraft:oak_button":3,"minecraft:gold_ore":41},"minecraft:picked_up":{"wingsoffreedom:blast_furnace_output":1,"minecraft:iron_chestplate":16,"minecraft:wheat":208,"minecraft:oak_stairs":3,"minecraft:acacia_pressure_plate":3,"minecraft:enchanted_book":1,"wingsoffreedom:tdmg_handle":16,"wingsoffreedom:aptdmg_harness":2,"minecraft:polished_blackstone_brick_stairs":8,"minecraft:string":109,"minecraft:cooked_salmon":10,"minecraft:iron_leggings":16,"wingsoffreedom:coke":12,"minecraft:gold_nugget":3,"minecraft:bucket":5,"minecraft:acacia_fence_gate":1,"minecraft:wooden_shovel":6,"minecraft:iron_pickaxe":16,"wingsoffreedom:blast_furnace_controller":1,"minecraft:melon_slice":86,"minecraft:iron_boots":19,"wingsoffreedom:enriched_iron_bamboo":11,"minecraft:stick":15,"minecraft:music_disc_blocks":4,"minecraft:acacia_fence":171,"minecraft:torch":89,"minecraft:acacia_log":178,"minecraft:porkchop":247,"wingsoffreedom:gas_cartridge":3,"minecraft:orange_bed":3,"minecraft:stone_sword":3,"minecraft:rotten_flesh":272,"minecraft:music_disc_wait":2,"minecraft:cobblestone":736,"minecraft:enchanting_table":2,"minecraft:feather":89,"minecraft:water_bucket":15,"minecraft:andesite":123,"minecraft:brown_wool":3,"minecraft:smoker":3,"minecraft:potato":2,"minecraft:acacia_boat":1,"minecraft:lapis_lazuli":283,"minecraft:dirt":751,"wingsoffreedom:ultrahard_steel_ingot":1,"minecraft:bone":110,"minecraft:acacia_planks":400,"wingsoffreedom:iceburst_shards":308,"minecraft:bow":15,"minecraft:wheat_seeds":984,"minecraft:bell":1,"minecraft:glowstone_dust":40,"minecraft:stone_hoe":1,"minecraft:oak_planks":75,"wingsoffreedom:tdmg_blade":1,"minecraft:cooked_porkchop":32,"wingsoffreedom:signal_flare_empty":1,"minecraft:sand":55,"minecraft:ink_sac":26,"minecraft:grass_block":2,"minecraft:acacia_stairs":220,"minecraft:mossy_cobblestone":1,"wingsoffreedom:tdm_gear":8,"wingsoffreedom:ap_round":1,"minecraft:diamond":8,"minecraft:cracked_polished_blackstone_bricks":112,"wingsoffreedom:tdmg_harness":9,"minecraft:crossbow":2,"minecraft:granite":33,"minecraft:bone_meal":1,"minecraft:golden_apple":1,"minecraft:emerald":155,"minecraft:golden_horse_armor":1,"minecraft:bread":143,"minecraft:netherrack":928,"minecraft:bricks":1,"minecraft:diamond_pickaxe":1,"minecraft:cocoa_beans":29,"minecraft:crafting_table":13,"minecraft:chicken":223,"minecraft:wooden_pickaxe":3,"wingsoffreedom:scouts_cape":9,"minecraft:shield":24,"minecraft:cornflower":3,"minecraft:red_bed":2,"minecraft:iron_axe":20,"minecraft:acacia_door":8,"minecraft:wooden_sword":5,"minecraft:flint_and_steel":1,"minecraft:blackstone":16,"wingsoffreedom:scouts_jacket":1,"minecraft:beef":57,"wingsoffreedom:iron_plate":2,"minecraft:light_gray_wool":3,"minecraft:chest":4,"minecraft:sugar_cane":199,"wingsoffreedom:aptdm_gear":2,"minecraft:sandstone":17,"minecraft:polished_blackstone_bricks":169,"minecraft:white_dye":60,"wingsoffreedom:ascot":2,"minecraft:redstone":32,"wingsoffreedom:black_cape":6,"minecraft:arrow":111,"minecraft:stone_shovel":14,"minecraft:hay_block":123,"minecraft:yellow_terracotta":172,"minecraft:saddle":1,"minecraft:totem_of_undying":2,"wingsoffreedom:secret_ingredient":1,"minecraft:mutton":142,"minecraft:rail":6,"wingsoffreedom:iron_bamboo":85,"minecraft:white_wool":174,"minecraft:stripped_oak_log":6,"minecraft:basalt":24,"minecraft:salmon":27,"minecraft:leather":31,"wingsoffreedom:signal_flare_green":10,"minecraft:acacia_wood":60,"minecraft:oak_log":439,"minecraft:gunpowder":211,"wingsoffreedom:thunderspear_time":2,"minecraft:white_banner":6,"wingsoffreedom:musket":1,"minecraft:orange_terracotta":139,"minecraft:cooked_mutton":309,"minecraft:rabbit_hide":6,"minecraft:iron_ingot":190,"minecraft:stone_pickaxe":7,"minecraft:cooked_chicken":8,"minecraft:iron_ore":469,"minecraft:stripped_oak_wood":1,"minecraft:iron_sword":22,"wingsoffreedom:musket_ball":17,"minecraft:oak_slab":4,"minecraft:dandelion":2,"minecraft:spruce_sapling":9,"wingsoffreedom:part_workshop":6,"minecraft:blast_furnace":2,"minecraft:spruce_log":2,"minecraft:gold_ore":105,"wingsoffreedom:army_leggings":1,"minecraft:spider_eye":18,"minecraft:leather_helmet":1,"wingsoffreedom:flare_gun":9,"minecraft:oak_wood":21,"minecraft:stone_axe":3,"minecraft:iron_helmet":19,"minecraft:oak_button":47,"minecraft:brown_banner":2,"minecraft:acacia_slab":72,"minecraft:melon_seeds":145,"minecraft:coal":197,"wingsoffreedom:army_boots":1,"minecraft:ender_pearl":4},"minecraft:killed_by":{"minecraft:creeper":6,"minecraft:pillager":1,"minecraft:drowned":1,"minecraft:vindicator":5,"minecraft:zombie":2,"minecraft:vex":4,"minecraft:player":8,"minecraft:skeleton":6},"minecraft:custom":{"minecraft:interact_with_crafting_table":56,"minecraft:bell_ring":190,"minecraft:leave_game":29,"minecraft:time_since_death":19471,"minecraft:sprint_one_cm":2107219,"minecraft:damage_blocked_by_shield":10386,"minecraft:drop":233,"minecraft:talked_to_villager":5,"minecraft:deaths":53,"minecraft:jump":13820,"minecraft:walk_on_water_one_cm":167276,"minecraft:enchant_item":15,"minecraft:interact_with_furnace":103,"minecraft:interact_with_cartography_table":1,"minecraft:play_one_minute":902541,"minecraft:sleep_in_bed":20,"minecraft:damage_dealt":90824,"minecraft:player_kills":3,"minecraft:crouch_one_cm":54295,"minecraft:interact_with_smoker":24,"minecraft:mob_kills":683,"minecraft:walk_one_cm":794580,"minecraft:sneak_time":27246,"minecraft:walk_under_water_one_cm":100415,"minecraft:boat_one_cm":36901,"minecraft:raid_trigger":1,"minecraft:time_since_rest":17987,"minecraft:damage_taken":32442,"minecraft:swim_one_cm":318123,"minecraft:fly_one_cm":4690791,"minecraft:open_chest":242,"minecraft:fall_one_cm":444262},"minecraft:used":{"minecraft:chest":7,"minecraft:shield":201,"minecraft:iron_sword":875,"minecraft:bell":1,"minecraft:cocoa_beans":13,"wingsoffreedom:baked_potato_two_thirds":1,"minecraft:bricks":10,"minecraft:grass_block":20,"minecraft:bow":20,"minecraft:furnace":3,"minecraft:acacia_fence":11,"minecraft:stone_pickaxe":121,"minecraft:oak_planks":3,"minecraft:ender_pearl":1,"minecraft:wooden_pickaxe":4,"minecraft:sugar_cane":40,"minecraft:yellow_terracotta":19,"minecraft:sand":1,"minecraft:crossbow":25,"minecraft:melon_slice":16,"minecraft:string":7,"minecraft:bread":63,"minecraft:andesite":44,"minecraft:bone_meal":9,"wingsoffreedom:iceburst_vein":3,"minecraft:enchanting_table":2,"minecraft:stone_sword":28,"minecraft:acacia_log":1,"minecraft:flint_and_steel":64,"minecraft:stone_shovel":100,"minecraft:cooked_salmon":14,"minecraft:cooked_chicken":15,"minecraft:stone_hoe":9,"minecraft:orange_bed":3,"minecraft:torch":61,"minecraft:dirt":353,"wingsoffreedom:iron_bamboo":80,"minecraft:oak_wood":2,"wingsoffreedom:blast_furnace_controller":5,"minecraft:granite":11,"minecraft:iron_hoe":22,"minecraft:iron_axe":591,"minecraft:oak_stairs":3,"minecraft:jungle_log":6,"minecraft:acacia_wood":3,"minecraft:cooked_beef":8,"minecraft:acacia_planks":144,"minecraft:orange_terracotta":70,"minecraft:cooked_mutton":112,"wingsoffreedom:baked_potato_third":1,"minecraft:acacia_boat":1,"minecraft:water_bucket":118,"minecraft:salmon":1,"minecraft:polished_blackstone_bricks":45,"minecraft:mossy_cobblestone":1,"minecraft:oak_slab":4,"minecraft:crafting_table":15,"minecraft:red_bed":2,"minecraft:brown_banner":1,"minecraft:spruce_log":1,"minecraft:smoker":4,"minecraft:oak_log":2,"minecraft:diamond_pickaxe":34,"minecraft:acacia_stairs":3,"minecraft:cornflower":3,"minecraft:apple":3,"minecraft:cracked_polished_blackstone_bricks":8,"minecraft:oak_button":166,"minecraft:iron_pickaxe":1093,"minecraft:stone_axe":79,"wingsoffreedom:tdmg_handle":627,"minecraft:cobblestone":155,"minecraft:porkchop":5,"minecraft:acacia_pressure_plate":3,"minecraft:white_banner":2,"minecraft:cooked_porkchop":27,"minecraft:bucket":119,"minecraft:stripped_oak_log":2,"minecraft:splash_potion":29},"minecraft:killed":{"minecraft:cave_spider":4,"minecraft:witch":5,"minecraft:spider":33,"minecraft:skeleton":70,"minecraft:chicken":79,"minecraft:pig":81,"minecraft:zombie_villager":1,"minecraft:salmon":25,"minecraft:iron_golem":2,"minecraft:creeper":32,"minecraft:sheep":97,"minecraft:trader_llama":2,"minecraft:pillager":25,"minecraft:zombie":124,"minecraft:donkey":2,"minecraft:cow":29,"minecraft:evoker":3,"minecraft:giant":5,"minecraft:vindicator":19,"minecraft:drowned":11,"minecraft:husk":1,"minecraft:rabbit":1,"minecraft:bat":13,"minecraft:ravager":1,"minecraft:squid":4,"minecraft:enderman":1},"minecraft:dropped":{"minecraft:iron_sword":5,"minecraft:porkchop":7,"minecraft:oak_log":203,"minecraft:diamond":8,"minecraft:crafting_table":1,"minecraft:cooked_porkchop":27,"minecraft:leather":13,"wingsoffreedom:aptdm_gear":1,"wingsoffreedom:black_cape":1,"minecraft:brown_banner":1,"wingsoffreedom:tdmg_harness":1,"minecraft:emerald":144,"minecraft:dirt":244,"minecraft:polished_blackstone_brick_stairs":1,"minecraft:wooden_sword":4,"minecraft:gold_nugget":3,"wingsoffreedom:flare_gun":1,"minecraft:iron_pickaxe":4,"minecraft:acacia_door":1,"minecraft:stone_axe":1,"minecraft:sugar_cane":28,"minecraft:wheat":2,"minecraft:rotten_flesh":25,"minecraft:oak_planks":52,"minecraft:glowstone_dust":40,"wingsoffreedom:gas_cartridge":4,"wingsoffreedom:aptdmg_harness":2,"minecraft:rabbit_hide":4,"wingsoffreedom:thunderspear_time":1,"minecraft:gunpowder":48,"minecraft:oak_wood":1,"minecraft:white_dye":6,"minecraft:basalt":3,"wingsoffreedom:aptdmg_handle":1,"wingsoffreedom:ultrahard_steel_ingot":1,"minecraft:netherrack":76,"minecraft:iron_ingot":26,"minecraft:bread":30,"minecraft:wheat_seeds":197,"minecraft:iron_helmet":7,"minecraft:granite":9,"wingsoffreedom:iceburst_shards":107,"minecraft:acacia_log":3,"minecraft:golden_apple":1,"minecraft:coal":46,"minecraft:stick":3,"minecraft:torch":1,"minecraft:brown_wool":2,"minecraft:iron_leggings":4,"minecraft:iron_axe":5,"minecraft:string":11,"wingsoffreedom:part_workshop":5,"minecraft:bucket":4,"minecraft:acacia_planks":63,"minecraft:dandelion":1,"minecraft:iron_boots":5,"minecraft:stripped_oak_log":1,"wingsoffreedom:blast_furnace_output":1,"minecraft:flint_and_steel":1,"minecraft:blast_furnace":1,"minecraft:hay_block":85,"minecraft:shield":5,"minecraft:iron_chestplate":2,"minecraft:andesite":4,"minecraft:wooden_shovel":5,"minecraft:spider_eye":1,"minecraft:bow":2,"minecraft:stone_pickaxe":4,"minecraft:wooden_pickaxe":1}},"DataVersion":2586}