{"stats":{"minecraft:killed_by":{"minecraft:creeper":1,"minecraft:skeleton":2},"minecraft:custom":{"minecraft:mob_kills":225,"minecraft:interact_with_crafting_table":19,"minecraft:bell_ring":147,"minecraft:leave_game":3,"minecraft:time_since_death":151091,"minecraft:sprint_one_cm":719249,"minecraft:walk_one_cm":180594,"minecraft:damage_blocked_by_shield":7605,"minecraft:drop":90,"minecraft:talked_to_villager":1,"minecraft:play_time":240094,"minecraft:deaths":3,"minecraft:sneak_time":20391,"minecraft:walk_under_water_one_cm":36476,"minecraft:boat_one_cm":40840,"minecraft:jump":6913,"minecraft:interact_with_blast_furnace":2,"minecraft:walk_on_water_one_cm":32665,"minecraft:total_world_time":240094,"minecraft:interact_with_furnace":46,"minecraft:sleep_in_bed":5,"minecraft:time_since_rest":1714,"minecraft:damage_taken":3719,"minecraft:damage_dealt":27724,"minecraft:swim_one_cm":107826,"minecraft:fly_one_cm":1673477,"minecraft:open_chest":34,"minecraft:crouch_one_cm":47619,"minecraft:interact_with_smoker":4,"minecraft:fall_one_cm":167844},"minecraft:picked_up":{"minecraft:crafting_table":10,"minecraft:chicken":14,"minecraft:clay_ball":16,"minecraft:leather_leggings":1,"minecraft:diamond_sword":1,"minecraft:shield":2,"minecraft:string":38,"minecraft:iron_leggings":2,"minecraft:diamond_leggings":1,"minecraft:cobbled_deepslate":141,"minecraft:spruce_planks":29,"minecraft:beef":21,"minecraft:poppy":2,"minecraft:iron_pickaxe":1,"minecraft:light_gray_wool":1,"minecraft:enchanted_golden_apple":8,"minecraft:chest":1,"minecraft:sugar_cane":79,"minecraft:diamond_hoe":3,"minecraft:furnace":7,"minecraft:stick":11,"minecraft:raw_iron":83,"minecraft:torch":16,"minecraft:porkchop":70,"minecraft:pointed_dripstone":1,"minecraft:stone_shovel":1,"minecraft:diamond_chestplate":1,"minecraft:stone_sword":2,"minecraft:arrow":36,"minecraft:rotten_flesh":60,"minecraft:shears":1,"minecraft:diamond_boots":1,"minecraft:mutton":44,"minecraft:snowball":122,"minecraft:white_wool":4,"minecraft:cobblestone":23,"minecraft:feather":17,"minecraft:cooked_beef":48,"minecraft:glow_ink_sac":2,"minecraft:water_bucket":1,"minecraft:salmon":37,"minecraft:brown_wool":2,"minecraft:leather":15,"minecraft:potato":11,"minecraft:oak_log":28,"minecraft:tuff":11,"minecraft:gunpowder":25,"minecraft:dirt":23,"minecraft:lapis_lazuli":24,"minecraft:bone":5,"minecraft:apple":2,"minecraft:wheat_seeds":7,"minecraft:raw_gold":37,"minecraft:iron_ingot":18,"minecraft:stone_pickaxe":2,"minecraft:cobweb":2,"minecraft:diamond_helmet":2,"minecraft:oak_planks":4,"minecraft:cooked_porkchop":2,"minecraft:sweet_berries":176,"minecraft:dripstone_block":1,"minecraft:amethyst_shard":24,"minecraft:spruce_sapling":3,"minecraft:blast_furnace":2,"minecraft:white_bed":3,"minecraft:spruce_log":25,"minecraft:spider_eye":5,"minecraft:diamond":59,"minecraft:spruce_boat":2,"minecraft:stone_axe":3,"minecraft:iron_helmet":2,"minecraft:diamond_axe":1,"minecraft:granite":45,"minecraft:gray_wool":90,"minecraft:oak_sapling":13,"minecraft:coal":130,"minecraft:diamond_pickaxe":1},"minecraft:mined":{"minecraft:tuff":10,"minecraft:spruce_planks":16,"minecraft:white_bed":3,"minecraft:deepslate_diamond_ore":53,"minecraft:sculk_vein":1,"minecraft:granite":23,"minecraft:grass_block":5,"minecraft:spruce_leaves":3,"minecraft:moss_block":1,"minecraft:large_fern":5,"minecraft:furnace":7,"minecraft:cobbled_deepslate":11,"minecraft:iron_ore":24,"minecraft:fire":2,"minecraft:snow":95,"minecraft:deepslate_lapis_ore":4,"minecraft:sculk_shrieker":2,"minecraft:potatoes":4,"minecraft:deepslate_iron_ore":21,"minecraft:packed_ice":5,"minecraft:stone":74,"minecraft:tripwire":1,"minecraft:amethyst_cluster":3,"minecraft:crafting_table":9,"minecraft:clay":2,"minecraft:torch":1,"minecraft:blast_furnace":2,"minecraft:chest":1,"minecraft:cobblestone":2,"minecraft:deepslate_gold_ore":18,"minecraft:sugar_cane":21,"minecraft:sculk":3,"minecraft:gray_wool":89,"minecraft:wheat":1,"minecraft:sweet_berry_bush":28,"minecraft:ice":42,"minecraft:spruce_log":7,"minecraft:grass":18,"minecraft:oak_log":28,"minecraft:coal_ore":25,"minecraft:dripstone_block":1,"minecraft:dirt":11,"minecraft:cobweb":4,"minecraft:oak_leaves":259,"minecraft:gold_ore":3,"minecraft:fern":2,"minecraft:deepslate":103},"minecraft:killed":{"minecraft:witch":1,"minecraft:spider":14,"minecraft:phantom":1,"minecraft:skeleton":23,"minecraft:chicken":15,"minecraft:pig":40,"minecraft:salmon":37,"minecraft:rabbit":1,"minecraft:iron_golem":1,"minecraft:creeper":9,"minecraft:sheep":31,"minecraft:zombie":34,"minecraft:stray":1,"minecraft:cow":13},"minecraft:used":{"minecraft:stone_sword":57,"minecraft:stone_shovel":97,"minecraft:diamond_hoe":259,"minecraft:poppy":1,"minecraft:chest":3,"minecraft:spruce_planks":25,"minecraft:shield":87,"minecraft:cooked_salmon":24,"minecraft:cooked_chicken":2,"minecraft:torch":6,"minecraft:dirt":21,"minecraft:diamond_helmet":1,"minecraft:tuff":7,"minecraft:granite":2,"minecraft:snowball":106,"minecraft:iron_helmet":1,"minecraft:light_gray_wool":1,"minecraft:diamond_chestplate":1,"minecraft:sweet_berries":79,"minecraft:furnace":8,"minecraft:cooked_beef":7,"minecraft:cobbled_deepslate":80,"minecraft:iron_leggings":1,"minecraft:cooked_mutton":3,"minecraft:water_bucket":192,"minecraft:stone_pickaxe":55,"minecraft:baked_potato":6,"minecraft:wooden_pickaxe":4,"minecraft:diamond_axe":137,"minecraft:white_wool":2,"minecraft:crafting_table":10,"minecraft:blast_furnace":2,"minecraft:white_bed":4,"minecraft:shears":90,"minecraft:diamond_pickaxe":306,"minecraft:string":2,"minecraft:iron_pickaxe":100,"minecraft:stone_axe":7,"minecraft:diamond_sword":297,"minecraft:cobblestone":7,"minecraft:cooked_porkchop":10,"minecraft:bucket":193,"minecraft:cobweb":2,"minecraft:gray_wool":85,"minecraft:bone_meal":51,"minecraft:diamond_leggings":4,"minecraft:experience_bottle":10},"minecraft:crafted":{"minecraft:oak_planks":20,"minecraft:stone_shovel":1,"minecraft:cooked_chicken":2,"minecraft:furnace":2,"minecraft:bone_meal":51,"minecraft:cooked_mutton":3,"minecraft:diamond_helmet":1,"minecraft:diamond_leggings":1,"minecraft:stone_pickaxe":1,"minecraft:chest":2,"minecraft:diamond_boots":1,"minecraft:diamond_sword":1,"minecraft:cooked_porkchop":12,"minecraft:diamond_axe":1,"minecraft:crafting_table":1,"minecraft:spruce_planks":52,"minecraft:wooden_pickaxe":1,"minecraft:baked_potato":10,"minecraft:iron_helmet":1,"minecraft:cooked_salmon":28,"minecraft:bucket":1,"minecraft:stone_axe":1,"minecraft:air":0,"minecraft:white_wool":3,"minecraft:diamond_pickaxe":1,"minecraft:shield":2,"minecraft:stick":20,"minecraft:iron_ingot":37,"minecraft:iron_pickaxe":1,"minecraft:stone_sword":1,"minecraft:iron_leggings":1,"minecraft:white_bed":1,"minecraft:torch":16,"minecraft:shears":1,"minecraft:diamond_chestplate":1},"minecraft:broken":{"minecraft:shield":2},"minecraft:dropped":{"minecraft:iron_ingot":15,"minecraft:wheat_seeds":7,"minecraft:diamond":17,"minecraft:diamond_leggings":1,"minecraft:iron_helmet":2,"minecraft:cobblestone":1,"minecraft:leather":15,"minecraft:granite":21,"minecraft:brown_wool":1,"minecraft:diamond_helmet":1,"minecraft:iron_leggings":1,"minecraft:string":6,"minecraft:spruce_sapling":1,"minecraft:stone_axe":1,"minecraft:stone_sword":1,"minecraft:diamond_hoe":1,"minecraft:stone_shovel":2,"minecraft:pointed_dripstone":1,"minecraft:rotten_flesh":44,"minecraft:clay_ball":16,"minecraft:oak_planks":4,"minecraft:enchanted_golden_apple":8,"minecraft:shears":1,"minecraft:poppy":1,"minecraft:spruce_boat":1,"minecraft:spruce_planks":1,"minecraft:leather_leggings":1,"minecraft:spider_eye":4,"minecraft:spruce_log":6,"minecraft:stone_pickaxe":1}},"DataVersion":3578}